{"cameraMode":{"drawMode":0,"name":"Shaded","section":"Shading Mode"},"sceneLighting":false,"audioPlay":false,"sceneViewState":{"m_AlwaysRefresh":false,"showFog":true,"showSkybox":false,"showFlares":true,"showImageEffects":true,"showParticleSystems":true,"showVisualEffectGraphs":true,"m_FxEnabled":true},"in2DMode":false,"pivot":{"x":-1.4901161193847657e-8,"y":0.21823090314865113,"z":-0.003122754395008087},"rotation":{"x":0.2024884968996048,"y":-0.034088682383298877,"z":0.007002085447311401,"w":0.9787683486938477},"size":0.31455308198928835,"orthographic":false}