{"cameraMode":{"drawMode":0,"name":"Shaded","section":"Shading Mode"},"sceneLighting":false,"audioPlay":false,"sceneViewState":{"m_AlwaysRefresh":false,"showFog":true,"showSkybox":false,"showFlares":true,"showImageEffects":true,"showParticleSystems":true,"showVisualEffectGraphs":true,"m_FxEnabled":true},"in2DMode":false,"pivot":{"x":2.9802322387695315e-8,"y":0.21586701273918153,"z":-0.03534656763076782},"rotation":{"x":0.2024884968996048,"y":-0.034088682383298877,"z":0.007002085447311401,"w":0.9787683486938477},"size":0.289693683385849,"orthographic":false}